{
  "@context": "https://schema.org/",
  "@type": "JobPosting",
  "title": "%position_title%",
  "description": "%position_description%",
  "datePosted": "%publish_date%",
  "validThrough": "%valid_through%",
  "employmentType": "FULL_TIME",
  "hiringOrganization": {
    "@type": "Organization",
    "name": "iGaming Organization Hub",
    "sameAs": "https://www.igaminghub.com"
  },
  "jobLocation": {
    "@type": "Place",
    "address": {
      "@type": "PostalAddress",
      "addressCountry": "%country%"
    }
  },
  "baseSalary": {
    "@type": "MonetaryAmount",
    "currency": "USD",
    "value": {
      "@type": "QuantitativeValue",
      "minValue": "%salary_min%",
      "maxValue": "%salary_max%",
      "unitText": "YEAR"
    }
  },
  "skills": "%skills%",
  "industry": "iGaming",
  "occupationalCategory": "Gaming Industry"
}