{
  "name": "iGaming Salary Data Updater",
  "nodes": [
    {
      "parameters": {
        "rule": {
          "interval": [
            {
              "field": "weeks",
              "weeks": 1
            }
          ]
        }
      },
      "name": "Schedule Trigger",
      "type": "n8n-nodes-base.scheduleTrigger",
      "typeVersion": 1,
      "position": [
        250,
        300
      ]
    },
    {
      "parameters": {
        "url": "https://api.linkedin.com/v2/jobs",
        "options": {},
        "authentication": "genericCredentialType",
        "genericAuthType": "httpHeaderAuth",
        "sendQuery": true,
        "queryParameters": {
          "parameters": [
            {
              "name": "keywords",
              "value": "={{$json[\"position_title\"]}} igaming"
            },
            {
              "name": "location",
              "value": "={{$json[\"region\"]}}"
            }
          ]
        }
      },
      "name": "Scrape LinkedIn Jobs",
      "type": "n8n-nodes-base.httpRequest",
      "typeVersion": 1,
      "position": [
        450,
        300
      ]
    },
    {
      "parameters": {
        "functionCode": "// Process the salary data from job listings\n// This is a placeholder for the actual processing logic\n\nconst jobs = $input.all()[0].json.elements || [];\n\n// Extract salary information\nlet salaries = jobs\n  .filter(job => job.salary && job.salary.amount)\n  .map(job => job.salary.amount);\n\n// Calculate average if we have data\nlet averageSalary = 0;\nif (salaries.length > 0) {\n  averageSalary = salaries.reduce((sum, salary) => sum + salary, 0) / salaries.length;\n}\n\n// Format the salary range (in real implementation this would be more sophisticated)\nconst minSalary = Math.floor(averageSalary * 0.8 / 1000) * 1000;\nconst maxSalary = Math.ceil(averageSalary * 1.2 / 1000) * 1000;\n\nconst formattedSalary = `$${minSalary.toLocaleString()} - $${maxSalary.toLocaleString()}`;\n\nreturn {\n  processedSalary: formattedSalary,\n  positionId: $input.all()[0].json.positionId,\n  region: $input.all()[0].json.region\n};"
      },
      "name": "Process Salary Data",
      "type": "n8n-nodes-base.function",
      "typeVersion": 1,
      "position": [
        650,
        300
      ]
    },
    {
      "parameters": {
        "url": "=https://yourdomain.com/wp-json/wp/v2/positions/{{$json[\"positionId\"]}}",
        "authentication": "genericCredentialType",
        "genericAuthType": "httpBasicAuth",
        "method": "PATCH",
        "sendBody": true,
        "specifyBody": "json",
        "jsonBody": "{\n  \"meta\": {\n    \"salary_range_{{$json[\"region\"]}}\": \"{{$json[\"processedSalary\"]}}\"\n  }\n}"
      },
      "name": "Update WordPress",
      "type": "n8n-nodes-base.httpRequest",
      "typeVersion": 1,
      "position": [
        850,
        300
      ]
    },
    {
      "parameters": {
        "conditions": {
          "boolean": [
            {
              "value1": "={{$json[\"success\"]}}",
              "value2": true
            }
          ]
        }
      },
      "name": "If Successful",
      "type": "n8n-nodes-base.if",
      "typeVersion": 1,
      "position": [
        1050,
        300
      ]
    },
    {
      "parameters": {
        "subject": "Salary Data Updated Successfully",
        "text": "=Position: {{$json[\"position_title\"]}}\nRegion: {{$json[\"region\"]}}\nNew Salary Range: {{$json[\"processedSalary\"]}}"
      },
      "name": "Send Success Email",
      "type": "n8n-nodes-base.emailSend",
      "typeVersion": 1,
      "position": [
        1250,
        200
      ]
    },
    {
      "parameters": {
        "subject": "Salary Update Failed",
        "text": "=Position: {{$json[\"position_title\"]}}\nRegion: {{$json[\"region\"]}}\nError: {{$json[\"error\"]}}"
      },
      "name": "Send Error Email",
      "type": "n8n-nodes-base.emailSend",
      "typeVersion": 1,
      "position": [
        1250,
        400
      ]
    }
  ],
  "connections": {
    "Schedule Trigger": {
      "main": [
        [
          {
            "node": "Scrape LinkedIn Jobs",
            "type": "main",
            "index": 0
          }
        ]
      ]
    },
    "Scrape LinkedIn Jobs": {
      "main": [
        [
          {
            "node": "Process Salary Data",
            "type": "main",
            "index": 0
          }
        ]
      ]
    },
    "Process Salary Data": {
      "main": [
        [
          {
            "node": "Update WordPress",
            "type": "main",
            "index": 0
          }
        ]
      ]
    },
    "Update WordPress": {
      "main": [
        [
          {
            "node": "If Successful",
            "type": "main",
            "index": 0
          }
        ]
      ]
    },
    "If Successful": {
      "main": [
        [
          {
            "node": "Send Success Email",
            "type": "main",
            "index": 0
          }
        ],
        [
          {
            "node": "Send Error Email",
            "type": "main",
            "index": 0
          }
        ]
      ]
    }
  }
}