[
  {
    "id": "001",
    "title": "Chief Executive Officer",
    "slug": "chief-executive-officer",
    "department": "Executive Leadership",
    "level": "C-Level",
    "reports_to": "Board of Directors",
    "short_description": "The CEO is the highest-ranking executive in an iGaming company, responsible for making major corporate decisions, managing overall operations and resources, and acting as the main point of communication between the board of directors and corporate operations.",
    "full_description": "The Chief Executive Officer in the iGaming industry is the visionary leader responsible for guiding the company's strategic direction, ensuring regulatory compliance, and driving growth in a highly competitive and rapidly evolving market. This executive oversees all departments including technology, operations, marketing, product, and compliance, balancing innovation with the strict regulatory requirements that characterize the online gambling industry. The CEO must navigate complex international licensing frameworks, maintain relationships with regulators, and understand both the technical and commercial aspects of the iGaming business.",
    "responsibilities": [
      "Define and implement the company's vision, mission, and strategic objectives",
      "Lead the executive team and ensure alignment across all departments",
      "Secure necessary funding and manage relationships with investors",
      "Navigate complex regulatory environments across multiple jurisdictions",
      "Oversee market expansion and licensing in new territories",
      "Build strategic partnerships with game providers, payment processors, and affiliates",
      "Monitor industry trends and adjust company strategy accordingly",
      "Ensure regulatory compliance and responsible gambling initiatives",
      "Report to the board of directors on company performance and strategy",
      "Represent the company at industry events and with regulatory bodies"
    ],
    "requirements": {
      "technical_skills": [
        "Understanding of iGaming platforms and architecture",
        "Knowledge of betting and gaming products",
        "Familiarity with regulatory compliance systems",
        "Data analytics and business intelligence",
        "Risk management frameworks",
        "Financial modeling and forecasting"
      ],
      "soft_skills": [
        "Strategic vision and leadership",
        "Decision-making under uncertainty",
        "Cross-cultural communication",
        "Negotiation and stakeholder management",
        "Crisis management",
        "Public speaking and representation"
      ],
      "education_experience": {
        "education": "Bachelor's degree required, MBA or similar advanced degree preferred",
        "experience": "10+ years in executive management, with at least 5 years in iGaming or related industries",
        "specific": "Experience with gambling licenses, international expansion, and M&A activity"
      }
    },
    "nice_to_have": [
      "Previous experience taking a company public or through significant funding rounds",
      "Multi-jurisdiction licensing experience",
      "Network in the gambling industry",
      "Experience with both B2C and B2B operations"
    ],
    "career_path": {
      "previous_roles": [
        "COO of an iGaming company",
        "Managing Director of a business unit",
        "Senior VP of Operations",
        "Head of a major department (Product, Technology)"
      ],
      "next_steps": [
        "CEO of a larger iGaming group",
        "Board member in multiple companies",
        "Venture capital or private equity partner specializing in iGaming"
      ],
      "timeline": "Typically 5-7 years in position before moving to larger company or board positions"
    },
    "salary_range": {
      "US": "$400,000 - $1,200,000",
      "UK": "£300,000 - £800,000",
      "Malta": "€250,000 - €700,000",
      "Eastern_Europe": "€200,000 - €500,000",
      "APAC": "$300,000 - $900,000"
    },
    "day_in_life": "A typical day for a CEO in the iGaming industry starts with reviewing key performance indicators and overnight results. Morning hours might include executive team meetings, strategic planning sessions, or calls with investors. Midday often involves external meetings with partners, regulators, or potential acquisition targets. Afternoons may be dedicated to product reviews, compliance updates, or financial planning. Throughout the day, the CEO must remain available for critical decisions regarding market opportunities, competitive threats, or regulatory challenges. Evening commitments often include industry networking events, board dinners, or preparation for the next day's strategic initiatives.",
    "industry_outlook": {
      "growth_prospects": "Strong demand as more regions regulate online gambling",
      "technology_impact": "AI, blockchain, and VR creating new opportunities and challenges",
      "future_skills": "Increasing emphasis on responsible gambling, data protection, and emerging technologies"
    },
    "related_positions": [
      "Chief Operating Officer",
      "Chief Commercial Officer",
      "Chief Technology Officer",
      "Managing Director",
      "President",
      "Chairman of the Board"
    ],
    "meta": {
      "title": "Chief Executive Officer (CEO) in iGaming | Roles & Responsibilities",
      "description": "Comprehensive guide to the CEO role in iGaming companies. Learn about responsibilities, skills required, career path and salary expectations in the online gambling industry.",
      "keywords": [
        "iGaming CEO",
        "gambling executive",
        "online casino leadership",
        "betting company CEO",
        "gaming executive salary"
      ]
    }
  },
  {
    "id": "002",
    "title": "Chief Technology Officer",
    "slug": "chief-technology-officer",
    "department": "Technology",
    "level": "C-Level",
    "reports_to": "Chief Executive Officer",
    "short_description": "The CTO is responsible for the technological vision and leadership of an iGaming company, overseeing all aspects of technology development, platform architecture, and technical innovations that drive the gaming experience.",
    "responsibilities": [
      "Define the technical strategy and roadmap for the company's iGaming platform",
      "Lead and mentor the technology team including engineers, developers, and QA specialists",
      "Ensure platform reliability, scalability, and performance during peak betting periods",
      "Oversee system security and compliance with gambling regulations",
      "Make key technology stack decisions and architectural choices",
      "Evaluate and integrate third-party technologies and game providers",
      "Collaborate with Product teams to deliver innovative features",
      "Manage technology budget and resource allocation",
      "Stay current with emerging technologies in gaming, payments, and security",
      "Report on technical KPIs to executive leadership"
    ],
    "salary_range": {
      "US": "$250,000 - $800,000",
      "UK": "£180,000 - £500,000",
      "Malta": "€180,000 - €450,000",
      "Eastern_Europe": "€120,000 - €300,000",
      "APAC": "$200,000 - $600,000"
    }
  }
]