{
  "key": "group_positions",
  "title": "Position Details",
  "fields": [
    {
      "key": "field_department",
      "label": "Department",
      "name": "department",
      "type": "taxonomy",
      "instructions": "Select the department this position belongs to",
      "required": 1,
      "taxonomy": "department",
      "field_type": "select",
      "allow_null": 0,
      "return_format": "object"
    },
    {
      "key": "field_level",
      "label": "Level",
      "name": "level",
      "type": "taxonomy",
      "instructions": "Select the organizational level",
      "required": 1,
      "taxonomy": "level",
      "field_type": "select",
      "allow_null": 0,
      "return_format": "object"
    },
    {
      "key": "field_reports_to",
      "label": "Reports To",
      "name": "reports_to",
      "type": "post_object",
      "instructions": "Select position this role reports to",
      "required": 0,
      "post_type": ["positions"],
      "return_format": "object"
    },
    {
      "key": "field_short_description",
      "label": "Short Description",
      "name": "short_description",
      "type": "textarea",
      "instructions": "A brief 1-2 sentence description of the position",
      "required": 1
    },
    {
      "key": "field_responsibilities",
      "label": "Key Responsibilities",
      "name": "responsibilities",
      "type": "repeater",
      "instructions": "Add the key responsibilities for this role",
      "required": 1,
      "min": 5,
      "layout": "table",
      "button_label": "Add Responsibility",
      "sub_fields": [
        {
          "key": "field_responsibility",
          "label": "Responsibility",
          "name": "responsibility",
          "type": "text"
        }
      ]
    },
    {
      "key": "field_salary_ranges",
      "label": "Salary Ranges",
      "name": "salary_ranges",
      "type": "group",
      "instructions": "Enter salary ranges for different regions",
      "required": 1,
      "layout": "block",
      "sub_fields": [
        {
          "key": "field_salary_us",
          "label": "United States",
          "name": "us",
          "type": "text"
        },
        {
          "key": "field_salary_uk",
          "label": "United Kingdom",
          "name": "uk",
          "type": "text"
        },
        {
          "key": "field_salary_malta",
          "label": "Malta",
          "name": "malta",
          "type": "text"
        },
        {
          "key": "field_salary_eastern_europe",
          "label": "Eastern Europe",
          "name": "eastern_europe",
          "type": "text"
        },
        {
          "key": "field_salary_apac",
          "label": "APAC",
          "name": "apac",
          "type": "text"
        }
      ]
    },
    {
      "key": "field_skills_required",
      "label": "Skills Required",
      "name": "skills_required",
      "type": "taxonomy",
      "instructions": "Select required skills for this position",
      "required": 1,
      "taxonomy": "skills",
      "field_type": "multi_select",
      "allow_null": 0,
      "return_format": "object"
    }
  ],
  "location": [
    [
      {
        "param": "post_type",
        "operator": "==",
        "value": "positions"
      }
    ]
  ]
}