{
  "positions": {
    "name": "positions",
    "label": "Positions",
    "singular_label": "Position",
    "description": "iGaming industry positions and roles",
    "public": true,
    "publicly_queryable": true,
    "show_ui": true,
    "show_in_nav_menus": true,
    "delete_with_user": false,
    "show_in_rest": true,
    "rest_base": "positions",
    "rest_controller_class": "WP_REST_Posts_Controller",
    "has_archive": true,
    "has_archive_string": "positions",
    "exclude_from_search": false,
    "capability_type": "post",
    "hierarchical": false,
    "rewrite": {
      "slug": "positions",
      "with_front": false
    },
    "query_var": true,
    "menu_position": 5,
    "menu_icon": "dashicons-id",
    "supports": [
      "title",
      "editor",
      "thumbnail",
      "excerpt",
      "revisions",
      "author",
      "custom-fields"
    ],
    "taxonomies": [
      "department",
      "level",
      "skills"
    ]
  }
}